{"cameraMode":{"drawMode":0,"name":"Shaded","section":"Shading Mode"},"sceneLighting":false,"audioPlay":false,"sceneViewState":{"showFog":true,"showMaterialUpdate":false,"showSkybox":false,"showFlares":true,"showImageEffects":true,"showParticleSystems":true},"in2DMode":false,"pivot":{"x":0.08419999480247498,"y":1.5034699440002442,"z":0.20599998533725739},"rotation":{"x":-0.16149502992630006,"y":-0.3991270661354065,"z":0.07095133513212204,"w":-0.8998435735702515},"size":0.01687796227633953,"orthographic":false}